,,,,,,,,,,,,,,,,,,,,,
,"프로그램 준비 시간 & 정리 시간까지 포함해서 작성하기
(7월 20일까지) <본 플랜 완성, 백업플랜 곧 완성>",,,,,,,,,,,,,,,,,,,,
,,,,,,,,,,ㄴㅇㄴ검정ㄱㅇㅇㅇ,,,,,,,,"백업플랜시 도우미 수 10명 필요
(기존플랜시 도우미 수 44명)",,,
,KYSA ARENA 프로그램 큐시트,,,,,,,,,,,인조잔디구장 백업 플랜(7/23까지),,,,,,,,,
,순서,시간,종료 예정 시간,장소,내용,세부 내용,필요 재료 (전부 적기),"담당자 
(프로그램 팀원 명)","필요 도우미 수 
(도우미 배정은 대표단에서 일괄 진행, 특별히 희망하는 도우미는 밑에 추가 내용에 작성해주세요!)","도우미 역할 
(최대한 구체적으로)",,순서,시간,종료 예정 시간,장소,내용,세부 내용,필요 재료 (전부 적기),"담당자 
(프로그램 팀원 명)","필요 도우미 수 
(도우미 배정은 대표단에서 일괄 진행, 특별히 희망하는 도우미는 밑에 추가 내용에 작성해주세요!)","도우미 역할 
(최대한 구체적으로)"
,1,06:30,08:30,인조잔디구장,미션 달리기 준비,"
-프로그램 기획/담당에서 미션달리기 구역 정해주고, 
각각 1,2,3,4,5번 타자의 위치에 물건 놓기
1:줄넘기
2:낙하산
3:동물마스크
4:미션지
5:덤벨
-콘 설치","콘15개
 [바통, 낙하산, 동물 마스크, 줄넘기, 미션지, 덤벨] (각 4세트), 
조끼(6개씩 다른색으로 3팀분량=18개), 호루라기","프로그램:고은솔
시설:최현수",9*2=18,"도우미1:콘 15개
도우미2:바통, 낙하산
도우미3:줄넘기, 미션지
도우미4:동물마스크
도우미5:덤벨
도우미6:조끼6/6/6 18개
도우미7:콘으로 구역 정하고, 각 위치에 물건 있는지 확인
도우미8:대야물풍선 물 채우는 것, 물풍선 만드는 것 돕기
도우미9:물총 물 채우는 것 돕기",,1,06:30,08:30,3층 302호,"협동 컵 쌓기
준비","명찰 목걸이줄 반 자르기
고무줄2개에 각각 6ea씩 끼우기
테이블 당 종이컵 10ea와 위 고무줄 1ea 세팅","테이블 2ea
종이컵 20ea
고무줄2ea
명찰 목걸이줄* 8ea","프로그램:고은솔
시설:최현수",2,"도우미1: 테이블, 종이컵
도우미2: 고무줄, 명찰 줄"
,,,,,대야 물풍선 준비,"-물풍선 던지는 선/받는 선 정하고 표시하기
-용기 110L로 활동 중간에도 물 계속 채워주기
-우비와 슬리퍼는 대야 위에 놓기(받는 선)
-다회용 물풍선 장전 후 2개의 큰 대야 위에
 공평하게 놓기(던지는 선)","우비2개, 다회용 물풍선, 슬리퍼, 대야 4개, arena수건대여
테이프/선(물풍선 던지는 선/받는선)",,3*2=6,"도우미10:우비2개, 슬리퍼2개, 수건
도우미11:대야2개, 다회용 물풍선, 테이프/선
도우미12:대야2개, 다회용 물풍선
모두:110L 2통 물채워서 활동구역에 갖다놓기",,,,,3층 306 2호,"인간 테이블 풋볼
준비","축구공 1개 의자 20개 준비
1 2 3 4 4 3 2 1 순으로 배치
테이블 풋볼 규칙 적용 플레이","축구공 1
의자 20개",,2,"도우미3: 심판
도우미4: 대기인원 조율..?"
,,,,,이벤트 풋살 준비,"-프로그램 기획/시설 담당이 풋살 구역 알려줄 것임->
 콘으로 함께 풋살 구역 만들기","축구공2개(색깔 다르게), 호루라기, 오리발, 조끼8개(같은색)
콘 15개",,3*2=6,"도우미13:축구공 2개, 조끼8개(같은색)
콘으로 함께 풋살 구역 만들기
도우미14:호루라기, 오리발 챙기기,
모든 준비물 한쪽에 정렬
도우미15:콘 15개 챙기기,
콘으로 함께 풋살 구역 만들기",,,,,2층 201호,"풍선릴레이
준비","풍선을 총 인원수 -1만큼 준비
- 주자들에게 미리 풍선 하나씩 주기 좋게 풍선 구비.","풍선 20ea
풍선용 pump
뭐야 회의록에 이거 하람이었네..? 겁나 열심히 쓰고있었는디
쏘링 각각하나씩넣음.",,2,"도우미5: 풍선 바람 넣기
도우미6: 풍선 바람 넣기"
,,,,,물총 축구 준비,"-프로그램 기획/시설 담당이 풋살 구역 알려줄 것임->
콘으로 구역 설치
-물총 물 채우기
-용기110L로 활동 중간에도 물 계속 채워주기
-비치볼 바람 넣기","물총(있는거 전부다), 비치볼, 호루라기, 콘14개, 실내화, 
조끼5개, 용기110L(시설팀에서 설치해주실예정,,)",,3*2=6,"도우미16:물총 챙기기, 물총 물 채우기, 콘 설치
도우미17:비치볼(바람넣기), 콘14개, 물총 물 채우기, 콘 설치
도우미18:실내화14개,  호루라기, 물총 물 채우기, 콘 설치
모두:110L 2통 물채워서 활동구역에 갖다놓기",,,,,4층 401호,"팀전 
숨은 그림 찾기
준비","-복사된 숨은 그림 찾기 상/중/하 버전 챙기기 -책상위치는 상, 중, 하 버전으로 나눠서 정렬하여 두기(2set) -각 책상 위에 싸인펜 3개씩 두기","싸인펜 2set, 숨은 그림 찾기 종이(각 30개씩)",,2,"도우미7:싸인펜 2set
도우미8:숨은 그림 찾기 복사 종이(총90장)"
,,,,인조잔디 미니부스,추억의 뽑기 준비,"-테이블 위에 상품 잘 정리
-테이블 위에 뽑기판 2개 놓기","300뽑기판*2, 
☆뽑기선물☆ 
(1등:손선풍기 5*2
2등:편의점 5000쿠폰 10*2
3등:랜덤키링 15*2
4등:그립톡 30*2
5등:하리보 믹스 젤리(44개입) 85*2
6등:마이쭈(70개입)*6) 155*2",,1*2=2,"도우미19:필요재료에 나와있는 상품 챙기기,
테이블 위에 상품 잘 정리/뽑기판 2개 놓기","비올 시 인조잔디 미니부스
추억의 뽑기->대강당 의자
콩주머니->3층 계단 옆
림보->4층 거울관
다트->4층 계단 옆
",,,,"4층 405 2호
댄스연습실",탱탱볼 볼링 준비,"공 던질 라인과 볼링 핀 위치를 마킹해두고, 볼링핀을 맞는 위치에 세워둔다(매 도전마다)","볼링핀, 탱탱볼, 마스킹테이프",,2,"도우미9: 적당한 위치에 마스킹
도우미10:위와 동일"
,,,,,림보 준비,-림보거치대 설치,림보 거치대,,1*2=2,도우미20:림보 거치대,,2,08:30,09:00,각 활동 장소,"도우미 임무
최종 점검","""각자 맡은 부분의 큐시트를 한 번 더 읽어보고, 
내용을 마지막으로 한번 더 숙지하기""",,,,"모든 도우미들은 
맡은 역할 내용 한 번 더 숙지"
,,,,,콩주머니 넣기 준비,-과녁과 콩주머니 준비,"과녁(하드보드지), 콩주머니, 종이 테이프 or 선",,1*2=2,"도우미21:과녁과 콩주머니
시작 선 설치",,,,,,,,,,,
,,,,,다트 준비,-다트와 다트판 준비," 다트, 다트 판",,1*2=2,"도우미22:다트, 다트판",,,,,,,,,,,
,,,,대강당,장막 줄다리기 준비,"-멀칭비닐로 2m의 장막 만들기
-전략밧줄 5개를 놓고, (기준선)가운데를 종이 테잎으로 표시
-양팀 출발선 표시
-줄 가운데 맨 양쪽 끝에 의자 놓기(장막 들 때 올라가는 용)"," 장막(천):멀칭비닐1개, 목장갑(50개구매), 
천 들 때 받침할 의자2개,
밧줄 5개, 테이프, 가위, 종이테이프","프로그램:김서연
시설:한시인",3,"도우미23:멀칭비닐 , 멀칭비닐 2m장막 만들기
도우미24:목장갑(50개), 테이프, 가위, 종이테이프,
멀칭비닐 2m장막 만들기
도우미25:밧줄 5개, 양팀 출발선 표시,  (기준선)가운데를
종이 테잎으로 표시, 줄 가운데 맨 양쪽 끝에 의자 놓기,",,,,,,,,,,,
,,,,,7:7 탁구 준비,"-탁구대 피기, 네트 준비
-7가지 종류 라켓 준비
-탁구공 준비","탁구대/탁구네트, 탁구공, 효자손, 탁구채, 배드민턴채, 주걱, 
손바닥응원도구, 라면 냄비 뚜껑, 후라이팬, 조끼7개(같은색)",,1,"도우미45:탁구공, 효자손, 탁구채, 배드민턴채, 주걱,
손바닥응원도구, 라면 냄비뚜껑, 후라이팬, 조끼 7개,
시설팀에서 탁구대 설치예정? 혹은 주변 도움 구하기,
세팅되어 있는 일반 테이블 위에 각 도구 세팅하기(각7개)",,,,,,,,,,,
,,,,,짐볼 배구 준비,"-애드벌룬 바람 넣기
-16개 조끼 한쪽 코트에 놓기","애드벌룬 1개, 배구코트 있으면 코트쓰기(없을 시 멀칭비닐)
 조끼 16개(같은색)",,3,"도우미31:애드벌룬1개, 애드벌룬 바람
도우미32:조끼 16개(같은색), 점수판,
도우미33:대형젠가 박스 옮기는 거 돕기",,3,09:00,11:30,3층 302호,"협동 컵 쌓기
들어올리기","<타임라인> 11m
0. 4vs4, 경기시간:시간 누적으로 2판
1. 간단한 규칙 설명 (1’)
2. 각 팀당 4명 선정, (1’)
3. 게임진행 (3’)
4. 결과 발표 및 정리 (1’)
5. 재경기(2번부터 4번까지 반복)
<규칙>
-테이블마다 컵 10개를 랜덤하게 배치한다.
-각 테이블마다 팀 주자 6명이 둘러서서, 고무줄에 매단 끈의 끝을 잡는다.
- 네명이서 밸런스를 맞추어 움직여서 컵을 고무줄로 잡아옮기며 탑을 쌓는다.
-4-3-2-1 순으로 4층탑이 완성되면 시간을 측정한다.
<점수>
2판 진행하여 누적 시간이 짧은 팀이 승리한다.
(승리조건은 현장에서 필요에 의해 조정할 수 있다.)","테이블 2ea
종이컵 20ea
고무줄2ea
명찰 목걸이줄* 8ea","프로그램:고은솔
시설:최현수",2,"도우미1: 게임설명, 진행.
도우미2: 떨어지는 컵 정비, 참가팀 불참자에게 2경기 설명, 대기자 정비"
,,,,,인간 컬링 준비,"-조끼 4개(같은색) 준비
-출발선 테이프로 부착
-점수판 테이프로 부착
-양 팀 라인에 의자 4개씩 두기","바퀴달린 의자 8개 , 대형점수판, 테이프, 가위, 
조끼 4개(같은색)",,2,"도우미46:
의자8개/대형점수판, 점수판 테이프 부착
도우미47:
조끼4개/ 테이프/가위, 출발선 테이프 부착,
양 팀 라인에 의자 4개씩 두기, 한 쪽팀 의자 위에 조끼 1개씩
올려놓기",,,,,3층 306 2호,인간 테이블 풋볼,"





","






",,2,"도우미3:
도우미4:"
,,,,대강당 미니부스,한컴타자연습 준비,"-노트북 충전기  연결
-2대 전원키고 한컴타자 켜놓기
-별도의 키보드로 타자 칠 예정이라 키보드도 연결","노트북 2대, 별도로 연결할 수 있는 키보드 2, 노트북 충전기
명예의 전당 게시판(아크릴점수판)",,1,"도우미36:노트북 2대, 별도로 연결할 수 있는 키보드 2
, 노트북 충전기, 명예의 전당 게시판
2대 전원 키고 한컴타자 켜놓기, 키보드와 충전기 모두 연결",,,,,2층 201호,풍선릴레이,"
<타임라인> 10m
0.  8 vs 8 (남녀 반반) 주자 정하기 (1')
1. 규칙 설명 및 풍선 배분 (2')
2. 게임 진행 (8')

<규칙>
- 두 명이 앞뒤로 나란히 서서 사이에 풍선을 끼워둔 상태에서 출발. 
- 풍선을 낀 상태에서 방을 한 바퀴 돌고, 한 바퀴 돌 때마다 뒤에 풍선을 끼운 상태로 사람 한 명 추가.
- 8명이 전부 돌 때까지 (총 7바퀴) 걸린 시간을 측정
- 한 팀이 끝나면 다른 한 팀이 같은 과정 반복
- 더 빨리 돈 팀이 승리
- (풍선 떨어지면 10초 페널티)
 




","풍선 20ea
풍선용 pump
뭐야 회의록에 이거 하람이었네..? 겁나 열심히 쓰고있었는디
쏘링 각각하나씩넣음.",,2,"도우미5: 심판 (시간 재는 사람)
도우미6: 풍선 가져다주기"
,,,,,큐브 준비,-큐브 챙기기,"큐브 5개, 명예의 전당 게시판(아크릴점수판)",,1,"도우미37:큐브 챙기기, 명예의 전당 게시판
책상 위에 큐브 올려놓고 게시판 고정",,,,,4층 401호,"팀전 
숨은 그림 찾기","<타임라인> 7m 0.상:4명, 중:3명, 하:2명으로 각 팀 배치, 시간 제한 없이 더 빨리 맞추는 팀이 승리 
1.규칙을 설명한다. (1')
 2.게임을 진행한다.(5') 
3.점수 계산 및 종이 정리를 한다.(1')

<규칙>
 -문제 푸는 순서는 반드시 하-중-상으로 진행하고 (하)팀이 끝난 후 (중)팀 시작
(중)팀이 끝나고 (상)팀 시작 
-싸인펜으로 동그라미 혹은 체크 
-단계에 지정된 사람들만 풀기, 주변에서 힌트 주기 금지 

<점수>
기본 참가 점수:!00
승리팀:600",,,2,"(진행자)도우미7:규칙 설명, 활동 진행, 심판
도우미8:부심, 점수 기록, 종이 정리, 대기 인원 관리"
,,,,,젓가락 콩 옮기기 준비,-접시 2개 책상위에 놓고 한쪽 접시엔 콩 놓기,"콩 20개+, 일회용 접시 10개, 젓가락 10개",,1,"도우미38:콩/일회용접시/젓가락
접시 2개 책상위에 놓고 한쪽 접시엔 콩 놓기",,,,,"4층 405 2호
댄스연습실",탱탱볼 볼링 ,"<타임라인> 각 팀에서 출전할 인원을 정한다 3판 2선승제
1. 규칙을 설명한다(1')
2. 게임을 진행한다(10')

<규칙>
점수가 적으면 이기는 게임
공을 하나도 맞추지 못할 시 10점
맞추면 쓰러진 개수만큼 점수를 얻는다

참가 점수 : 100점
우승 점수 : 500점","볼링핀, 탱탱볼",,2,"도우미9:
도우미10:"
,,,,,츄파춥스 팽이 준비,-책상위에 스탠드형 츄파춥스 놓기,"츄파춥스120스탠드, 츄파춥스150개입",,1,"도우미39:츄파춥스120스탠드, 츄파춥스150개입
책상위에 스탠드형 츄파춥스 놓기",,,,,,,,,,,
,,,,태권도장,누가누가기나 준비,-,-,"프로그램:주은수
시설:최현수",1,도우미40:-컬링 의자 챙기는 거 돕기,,,,,,,,,,,
,,,,,줄세우기 준비,-미션지 챙기기,미션지,,1,"도우미41:프린트 된 미션지
선 만들기(판뒤집기 테잎쓰기)",,,,,,,,,,,
,,,,,판뒤집기 준비,"-판 60개 준비
-활동구역 구분 선만들기","판뒤집기 판 (60개), 활동 구역 구분선에 쓸 종이테이프, 가위",,2,"도우미42:판60, 판 60개 바닥에 펼쳐놓기
도우미43:종이테이프, 가위, 활동구역 구분 선만들기",,,,,,,,,,,
,,,,태권도장 미니부스,손바닥 끈끈이 준비,"-책상 위에 손바닥 끈끈이와 동전 세팅
(우선 2개, 인원 많을 시 추가 고려)","손바닥 끈끈이 (50개), 동전 2개+",,1,"도우미44:손바닥 끈끈이(50개구매함), 동전2개+
책상 위에 끈끈이 2개와 동전 2개 올려두기",,,,,,,,,,,
,,,,배드민턴장,"바람잡이 특공대
 준비
","-미션지 준비
-통천 2개 세팅(네모로 펼쳐놓기)
-조끼 16개 챙기기
-확성기 2개 챙기기, 막대기 챙기기","통천 2개(15x15m), 조끼 16개(같은색), 확성기 2개, 미션지,
,막대기","프로그램:권하람
시설:한시인",5,"도우미26:통천 도우미27과 같이 들기, 통천 세팅(네모로 펼쳐놓기)
도우미27:통천 도우미 26과 같이 들기, 통천 세팅(네모로 펼쳐놓기)
도우미28:통천 도우미 29와 같이 들기, 통천 세팅(네모로 펼쳐놓기)
도우미29:통천 도우미 28과 같이 들기, 통천 세팅(네모로 펼쳐놓기)
도우미30:조끼 16개(같은색), 확성기 2개, 막대기, 미션지",,,,,,,,,,,
,,,,,대형 젠가 준비,-미리 접어놓은 박스 40개 챙겨서 탑 쌓기,"초대형 젠가 box40개, (의자 1ea)",,2,"도우미34:박스, 의자 , 탑 쌓기
도우미35:박스 , 탑 쌓기",,,,,,,,,,,
,,,,배드민턴장 미니부스,컵쌓기 준비,-컵 세팅해놓기,"스택스컵(12개 1세트)*2개, 명예의 전당 아크릴판",,1,"도우미48:스택스컵, 컵 포장지에서 꺼내놓기, 아크릴판",,,,,,,,,,,
,2,08:30,09:00,각 활동 장소,"도우미 임무
최종 점검","각자 맡은 부분의 큐시트를 한 번 더 읽어보고, 
내용을 마지막으로 한번 더 숙지하기",-,-,-,"모든 도우미들은 
맡은 역할 내용 한 번 더 숙지",,,,,,,,,,,
,3,09:00,11:30,인조잔디구장,미션 달리기 ,"<타임라인> 10m
0. 6vs6vs6vs6(각각 형제3, 자매3 혼성으로 한 팀)
1. 미션달리기 설명(45”’)
2. 각 팀에서 주자 혼성으로 자매3/형제3=6명 구성(30’’)
3. 주자들 각 구간에 이동 (1’)
4. 미션달리기(6’)
5. 결과 발표, 미션 준비물들 원위치(2’)

<규칙>
-1번 주자 미션
줄넘기 하며 달리고 2번 주자에게 바통 전달
-2번 주자 미션
낙하산을 메고 달려 3번 주자에게 바통 전달
-3번 주자 미션
동물 마스크 착용 후 4번 주자에게 바통 전달
-4번 주자 미션
미션지 내용 수행 후 5번 주자에게 바통 전달
-5번 주자 미션
덤벨 들고 마지막 주자에게 바통 전달
-6번 주자 미션
결승선까지 전력질주

<점수>
기본 참가 점수:200
승리팀:1000","콘15개
 [바통, 낙하산, 동물 마스크, 줄넘기, 미션지, 덤벨] (각 4세트), 
조끼(6개씩 다른색으로 3팀분량=18개)

호루라기 필요...????","프로그램:고은솔
시설:최현수",9*2=18,"(진행자)도우미1:출발 신호음, 규칙 설명, 결과 발표
도우미2:줄넘기 원위치, 2번 주자 위치 서있기
도우미3:낙하산 원위치, 3번 주자 위치 서있기
도우미4:동물 마스크 원위치, 4번 주자 위치 서있기
도우미5:미션지 담당, 미션검사, 5번 주자 위치 서있기
도우미6:덤벨 원위치, 6번 주자 위치 서있기
도우미7,8:등수 체크
도우미9:대기팀 조율, 점수 기록",,,,,,,,,,,
,,,,,대야 물풍선,"<타임라인> 10m
0. 3판 2선승제
1. 게임 설명을 한다. (1’)
2. 받을 사람은 우비와 슬리퍼를 착용하고 위치에 가서 선다./
나머지 사람들은 기준 선에 선다. (1')
3. 제한 시간 안에 물풍선을 더 많이 담은 조가 점수를 획득한다. (1*3')
4.물풍선을 정리 및 충전한다. (3')

<규칙>
-모든 참가자는 기준 선을 넘지 않도록 한다.
-대야를 받는 사람은 머리 아래로 대야를 내리지 않는다.
-기준선 안에서 움직여서 물풍선을 받는 것은 허용된다.
-떨어진 물풍선은 다시 주워서 사용 가능하다.

<점수>
기본 참가 점수:200
승리팀:600","우비2개, 다회용 물풍선, 슬리퍼, 대야 4개, 수건???, 
테이프/선(물풍선 던지는 선/받는선)",,3*2=6,"(진행자)도우미10:규칙 설명, 활동 진행, 심판
도우미11:슬리퍼, 우비 등 물풍선을 받을 사람 착용 안내
도우미12:대야에 물 부족할 때 (용기에서)추가, 점수 기록",,,,,,,,,,,
,,,,,이벤트 풋살,"<타임라인> 14m
0. 8vs8(형제4,자매4), 경기시간:10분
1. 규칙을 설명한다. (1')
2.각 팀당 풋살에 참여할 8명을 혼성으로
(4명 형제, 4명 자매) 뽑는다. (1') ->*중간에 교체 가능
3. 팀 조끼를 준다. (30”)
4. 풋살 경기를 한다. (10’)
5. 조끼 회수 및 경기 결과를 발표한다. (1')

<규칙>
-자매 득점시 2점
-자매 공 소유시 스크린 하기(농구처럼, 다리뻗고 태클 금지)
-형제 헤딩 득점시 1점
-형제 헤딩 외 득점시 -1점
-라인 아웃시 쓰로잉 없이 무조건 발로 패스
-부상 방지를 위해 실질적 파울이 아니더라도 위험한 액션시 경고
-골키퍼 (5분간) 오리발 착용
-*중간에(시작 7분 후) 이벤트 발생으로 공 추가->총 2개로 진행
-10분동안 더 많은 득점을 한 팀이 승리,
-만약 승부가 나지 않았다면 가위바위보로 결정

<점수>
기본 참가 점수:200
승리팀:800","축구공2개(색깔 다르게), 호루라기, 오리발, 조끼8개(같은색)
콘 15개",,3*2=6,"(진행자)도우미13:규칙 설명, 활동 진행, 심판
도우미14:부심
도우미15:준비물 대기 및 전달(오리발, 축구공), 점수 기록",,,,,,,,,,,
,,,,,물총 축구,"<타임라인> 11m
0. 5vs5, 경기시간:2분씩 2판(리필 불가)
1. 간단한 규칙 설명 (1’)
2. 각 팀당 5명 선정, 한팀은 조끼 입도록 (1’)
3. 물총축구 (5’)
4. 결과 발표 및 정리 (1’30"")
5. 물총 리로드 (2’)
+골대 길게 하기로 함

<규칙>
-공을 건드리지 않고 물총으로 움직여 골대에 넣기
-라인 아웃시 공을 가져와 공격, 진행팀이 먼저 물총을 쏘고 시작
-사람에게 물총 사용시 경고, 경고 2회 누적시 퇴장
-골키퍼 없음
-공과 신체 또는 물총 접촉시 반칙(유연하게 판단하기..)

<점수>
기본 참가 점수:200
승리팀:800","물총(있는거 전부다), 비치볼, 호루라기, 콘14개, 실내화14, 
조끼5개, 용기110L(시설팀에서 설치해주실예정,,)",,3*2=6,"(진행자)도우미16:규칙 설명, 활동 진행, 심판
도우미17:물 급수 및 물총 재장전
도우미18:물 급수 및 물총 재장전, 점수 기록",,,,,,,,,,,
,,,,인조잔디 미니부스,추억의 뽑기,"<타임라인> 40sec
1.뽑기 (10"")
2.간식증정 (30"")

<규칙>
-한 사람당 한 번의 기회가 주어져야 한다","300뽑기판*2, 
☆뽑기선물☆ 
(1등:손선풍기 5*2
2등:편의점 5000쿠폰 10*2
3등:랜덤키링 15*2
4등:그립톡 30*2
5등:하리보 믹스 젤리(44개입) 85*2
6등:마이쭈(70개입)*6) 155*2",,1*2=2,"도우미19:뽑기판 운영, 선물 증정, 
실시간으로 뽑기 현황 기록
ex:1등 뽑히면 뽑기판에 적힌 1등에  x표시",,,,,,,,,,,
,,,,,림보,"<타임라인> 3m
약 1.2m부터 시작해서 모든사람이 지나가면 한칸 내린다.
높이를 낮춰가며 반복한다. (3’)

<규칙>
80센치 통과자->간식 획득",림보 거치대,,1*2=2,"도우미20:여러명이 동시에 참가 가능함,
림보 거치대 이용 방법 미리 숙지하여
원활하게 진행되도록하기",,,,,,,,,,,
,,,,,콩주머니 넣기,"<타임라인> 2m
기준선에서 과녁의 구멍에 콩 주머니를 넣는다. (2')

<규칙>
-기준선 지키기
-총 4번의 시도
-4개 중 2개 이상->간식 획득","과녁, 콩주머니, 종이 테이프 or 선",,1*2=2,"도우미21:콩주머니 넣기 운영, 간식 증정",,,,,,,,,,,
,,,,,다트,"<타임라인> 2m
1. 간단한 규칙 설명(10’’)
2. 다트 시작(1~3’’)
3. 간식 증정(30"")

<규칙>
-다트 규칙과 동일하게 라인에 서서 다트 투척
-3개 던져서 100점 이상->간식 획득"," 다트, 다트 판",,1*2=2,"도우미22:다트 운영, 간식 증정",,,,,,,,,,,
,,,,대강당,장막 줄다리기,"<타임라인> 10m
0. 3판 2선승제, 매번 위치 바꿀지는 해당 팀원들의 의견에 
따라 조정 가능, 3줄 이상 가져간 팀 승
1.규칙 설명 (1')
2.양 팀이 각각 한쪽에 선 후 장막으로 줄 가운데를 가린다. (12)
3.양 팀은 각 줄마다 자유롭게 인원을 배정한다. (2')
4.장막을 걷는다.(이후 이동 불가)  (30"")
5.줄다리기를 한다. (30"")

<규칙>
-같은 인원으로 게임을 진행한다.   
-고의로 천을 열어 상대 팀을 보는 것은 금한다.
-장막을 내린 후 움직이는 것을 금한다.
-제한시간 30초 후 중간 기준점에서 밧줄이 더 많이 넘어 있는 곳
승리

<점수>
기본 참가 점수:!00
승리팀:400"," 장막(천):멀칭비닐1개, 목장갑(50개구매), 
천 들 때 받침할 의자2개,
밧줄 5개, 테이프, 가위, 종이테이프","프로그램:김서연
시설:한시인",3,"(진행자)도우미23:규칙 설명, 활동 진행, 심판
도우미24:장막(천)들어주기, 목장갑 나눔, 점수 count
도우미25::장막(천)들어주기, 목장갑 나눔, 점수 기록",,,,,,,,,,,
,,,,,7:7 탁구,"<타임라인> 10~15m
1. 탁구채로 사용할 물건 앞으로 각 팀을 안내한다. (1')
2. 팀별로 참여할 사람 7명을 정한 후, 각자 사용할 물건을 고른다. (1~2’)
3. 팀별로 나올 순서를 다른 팀이 알지 못하게 정한다. (30’’’)
4. 순서대로 각자의 물건을 들고 경기를 하면서 밀어내기를 한다. (10')

<규칙>
-각 팀별로 탁구를 칠 7명 선정
-7명은 탁구채로 사용할 물건 7개 중 하나씩 선택
-각 팀별로 경기에 내보낼 순서를 다른 팀이 모르게 정함.
-인당 5개의 목숨이 있음. 한 번 질 때마다 1개씩 차감되며, 
5개가 전부 차감되면 다음 순서를 맡은 사람이 나와서 경기를 이어감.
위의 과정을 반복하여 상대팀에서 더 이상 나올 선수가 없으면 승리

<점수>
기본 참가 점수:!00
승리팀:500","탁구대/탁구네트, 탁구공, 효자손, 탁구채, 배드민턴채, 주걱, 
손바닥응원도구, 라면 냄비 뚜껑, 후라이팬, 조끼7개(같은색)",,1,"(진행자)도우미45:규칙 설명, 활동 진행, 심판, 점수 기록",,,,,,,,,,,
,,,,,짐볼 배구,"<타임라인> 15m
0. 16vs16, 3판 2선승제, 8점내기
1. 진행자가 활동을 설명한다&조끼 나누기(1')
2. 서브로 시작하여 활동을 진행한다.(8점내기, 3판 2선승제)
3. 결과 기록 및 정리한다.(1')


<규칙>
-온 몸 사용 가능
-공이 바닥에 닿으면 아웃
-한 선수가 연속해서 공을 2번 터치하면 안됨
-공이 바닥에 닿기 전에 3번의 터치로 상대방 진영에 넘긴다.

<점수>
기본 참가 점수:100
승리팀:400","애드벌룬 1개, 배구코트 설치필요?*, 조끼 16개(같은색), 
점수판",,3,"(진행자)도우미31: 규칙 설명, 활동 진행, 심판
도우미32: a팀 활동 도중 심판(아웃 등) 및 활동 전 네트 세팅(공 상태 수시 체크)
도우미33: b팀 활동 도중 심판(아웃 등) 및 활동 전 네트 세팅(공 상태 수시 체크)
점수 기록
",,,,,,,,,,,
,,,,,인간 컬링,"<타임라인> 13m
1.게임설명(1’)
2.각 팀마다 선수 선별을 한다.(1’)
3. 번갈아가며 컬링을 플레이 한다.(5’)
4. 2라운드로 게임 진행한다. (6’)

<규칙>
<인원편성>
‘스톤을 미는 사람 나머지 팀원
스톤이 될 사람 4명(조끼입기)
<진행 규칙>
1.스톤이 될 사람은 의자 위에 올라앉는다
(무릎꿇기, 다리 앞으로 올리기 다 가능)
2.스톤을 미는 사람이 스톤을 점수판으로 밀어낸다.
 (손을 놓는 지점과 도약거리는 미는사람 기준으로
 형제,자매 거리가 다름)
3. 점수판 위에 올라가면 의자는 그 자리에 두고 선수는 
팀으로 복귀한다. (진행하는 스톤은 고정된 스톤을 밀어낼 수 있다.)
4. 팀별로 번갈아가며 진행한다. 
<점수 계산 방법>
1. 점수판 위에 남은 스톤들의 점수를 합산하여 승패를 결정한다.
2. 게임중에 좋은 자리에 있었더라도 종료시점에 밖으로 밀려나갔다면 
점수로 인정받을 수 없다.

<점수>
기본 참가 점수:100
승리팀:600","바퀴달린 의자 8개 , 대형점수판, 테이프, 가위, 
조끼 4개(같은색)",,2,"(진행자)도우미46:규칙 설명, 활동 진행, 심판, 점수 기록
도우미47:규칙 이해 못한 사람 부가 설명, 대기팀 사전 설명 및
웨이팅 공간 정렬, 점수 계산 돕기",,,,,,,,,,,
,,,,대강당 미니부스,한컴타자연습,"<타임라인> 2m
1. 도전자는 컴퓨터 앞에 앉아서 타자를 친다 (0’10’’~1’)

<규칙>
도전 언어: 한글 / 영어
한글:애국가 1절까지만
영어:The Little Prince 첫 페이지만

<순위 산정 방식>
한글, 영어 따로 순위 산정
정확도가 우선, 그 다음이 타자수 (걸린 시간)가 기준. 
(e.g. 정확도 95% 600타 vs 정확도 100% 500타 에서는 
후자가 더 높은 순위에 위치){추후 결정} ->기준 정확히 다시 이야기

-미니게임 상품과 별개로 순위 따로 기록하여 명예의 전당 1위 선물

-정확도 95% 이상, 300타 이상 ->간식 -> or ?? and??","노트북 2대, 별도로 연결할 수 있는 키보드 2, 노트북 충전기
명예의 전당 게시판",,1,"도우미36:규칙 설명 및 진행, 2명까지 진행 가능",,,,,,,,,,,
,,,,,큐브,"<타임라인> 2m
루빅스 큐브를 특정한 시간 내에 맞추면 상품 지급(2’)

<규칙>
1면(1m) – 1마이쮸

면
2m– 간식
1.5m – big 간식
1m 간식, 랭킹 등록 가능
30sec 이내 – 간식, 사진 촬영 해드림
랭킹 1위 달성시 폐회식 때 전체공지 및 명예의 전당 선물
","큐브 5개, 명예의 전당 게시판",,1,"도우미37:규칙 설명 및 진행, 5명까지 진행 가능",,,,,,,,,,,
,,,,,젓가락 콩 옮기기,"<타임라인> 2m
1.설명 (30"")
2.제한시간 1분 내에 다른 접시로 젓가락을 이용하여 콩을 옮긴다.
*재시도 1번의 기회 부여

<규칙>
-손으로 옮기기 금지
-옮기가 떨어뜨리면 그 콩은 다시 처음부터 시작
총 20개의 콩 중 15개 이상 옮기면 성공->간식","콩 20개+많을수록좋음, 일회용 접시 10개, 젓가락 10개",,1,"도우미38:규칙 설명 및 진행, 동시에 3명까지 진행 가능",,,,,,,,,,,
,,,,,츄파춥스 팽이,"<타임라인> 30sec
1. 츄파춥스를 팽이처럼 돌린다.
2. 상품을 받아간다.

<규칙>
-현장 도우미가 보기에 팽이처럼 돌기만 하면 츄파춥스 증정","츄파춥스120스탠드, 츄파춥스150개입",,1,도우미39:규칙 설명 및 진행,,,,,,,,,,,
,,,,태권도장,누가누가기나,"<타임라인> 8m
0. 전체 참여
1.설명&양 팀의 인원 수 똑같이 배치한다. (1')
2.다리 찢기를 하여 긴 선을 만든다. (5')
3.더 긴 팀이 승리한다.

<규칙>
-최대한 모든 인원이 참여해야한다.
-다리 찢기 이외에 물건으로 선 연결은 금한다.

<점수>
기본 참가 점수:100
승리팀:200",-,"프로그램:주은수
시설:최현수",1,"(진행자)도우미40:규칙 설명, 심판, 점수 기록",,,,,,,,,,,
,,,,,줄세우기,"<타임라인> 8m
0. 전체 참여
1. 게임 설명을 한다 (1')
2. 조건을 제시한다. (30"")
3. 참가자는 빠르게 한 줄로 선다 (2*3')

<규칙>
-주어진 조건에 맞춰서 한 줄로 빠르게 선다.
-조건이 동일하면 순서에 상관 없이 나란히 서면 된다.
 (ex. 신발 사이즈 235)
-3판 2선승
-먼저 완료 후 앉으면 점수
-두 팀 모두 실패시 무효처리

<점수>
기본 참가 점수:100
승리팀:200

조건 예시
신발 사이즈 작은 것에서 큰 순서대로
배터리 잔량 작은 것에서 큰 순서대로
이름 가나다 순서대로",미션지(대회 첫 날 전달 예정),,1,"(진행자)도우미41:규칙 설명, 심판, 점수 기록",,,,,,,,,,,
,,,,,판뒤집기,"<타임라인> 10m
0. 전체 참여
1. 규칙 설명(1') 
2. 1분간 판을 뒤집는다 (1*3)
3. 1' 휴식 후 다시 재개
4. 어떤 면의 판이 더 많은지 세어 승자를 가린다.

<규칙>
-시작과 동시에 각 팀은 판을 뒤집는다.
-정해진 시간동안 판을 뒤집는다.
-시합이 끝난 후에 어느 팀의 판이 많은지 세어 승자를 가린다

<점수>
기본 참가 점수:100
승리팀:400","판뒤집기 판 (60개), 활동 구역 구분선에 쓸 종이테이프, 가위",,2,"(진행자)도우미42:규칙 설명, 활동 진행, 심판, 점수 기록
도우미43:게임이 끝난 후 도우미42와 함께 뒤집어진 판의 개수 세기
게임 시작 전 각 색이 동일하게 위를 향하도록 판 세팅",,,,,,,,,,,
,,,,태권도장 미니부스,손바닥 끈끈이,"<타임라인> 2m
1. 진행자가 활동을 설명한다 (30"")
2. 책상 위 동전을 주어진 손바닥 끈끈이로 먼저 잡는 사람이 승리
(2명 이상 시 게임 진행, 3판 2선승제)

<규칙>
-너무 가까이에서 하지 않고 기준선 지키기
-손으로 동전 잡기 금지","손바닥 끈끈이 (50개), 동전 2개+",,1,"도우미44:규칙 설명, 심판",,,,,,,,,,,
,,,,배드민턴장,바람잡이 특공대,"<타임라인> 10m
0. 제한시간 8분 높이가 더 높은 팀 승리
1. 통천 가장자리에 모두가 서서 기다린다.
2. 시작신호와 함께 모두가 통천에 공기를 넣도록 노력한다. (8')
3. 여러 미션 시행하며 통천의 바람(높이 낮은팀)이 빨리 빠지는 팀 lose

<규칙>
-온몸 이용 가능 
-옆사람과의 충돌 주의
-높이 측정(막대기 등)

<점수>
기본 참가 점수:100
승리팀:600","통천 2개(15x15m), 조끼 16개(같은색), 확성기 2개, 미션지,
긴 막대기","프로그램:권하람
시설:한시인",5,"(진행자)도우미26:규칙 설명, 활동 진행, 심판
도우미27~28:A팀 대형통천 만드는 법 안내(모션 등), 
진행자 미션 시 팀원들이 잘 인지할 수 있게 재알림
도우미29~30:B팀 대형통천 만드는 법 안내(모션 등), 
진행자 미션 시 팀원들이 잘 인지할 수 있게 재알림
점수 기록
",,,,,,,,,,,
,,,,,대형 젠가,"<타임라인> 8m
0. 16vs16, 1판
1. 게임 설명 (1’)
2. 각 팀별로 출전 순서를 정한다. (1’)
3. 한 명씩 번갈아 가면서 블록을 빼 낸다. (5’)
4. 무너뜨린 사람이 나온 팀이 패배한다.
5. 진팀은 젠가를 다시 세운다.(1’)

<규칙>
- 뺀 블록은 위에 쌓는다.
(앞 블록보다는 위에 올려야 하나, 수직으로 세우지는 않도록 한다.)
-빼낼 블록은 한번 건드리면 변경할 수 없다.
-의자에 올라가기, 목마 태우기 가능 이 외 불가

<점수>
기본 참가 점수:!00
승리팀:300","초대형 젠가 box40개, (의자 1ea)",,2,"(진행자)도우미34:규칙 설명, 활동 진행, 심판
도우미35:부심판, 대기 인원 관리, 점수 기록",,,,,,,,,,,
,,,,배드민턴장 미니부스,컵쌓기,"<타임라인> 3m
1. 진행자가 활동을 설명한다(1분)
2.진행자와 혹은 상대와 대결(가장 먼저 컵을 쌓아올리고
 내리는 사람이 승리)
 3-6-3 / 6-6 / 10-2 / 3-6-3
혹은 타임어택 가능->명예의 전당

<규칙>
주어진 쌓기 공식을 활용하여 가장 먼저 끝내는 사람이 승리
->간식 증정","스택스컵(12개 1세트)*2개, 명예의 전당 아크릴판",,1,"도우미48:규칙 설명, 활동 진행

컵 쌓기 잘하는 사람(도우미)",,,,,,,,,,,
,4,11:30,12:00,대강당(시상식),KYSA ARENA,"대강당에서 단체로 시상 진행

1.들어오는 순서대로 체육관 바닥이나 의자에 앉도록 돕기
2.11시 45분에 시상 시작하기","스피커(시상 bgm),
상품 준비하기(1,2,3 대왕 풍선)
(운동회)1등:배민 11만원권
(운동회)2등:설빙 9만원권
(운동회)3등:베라 7만원권
(큐브)명예의전당:햄버거 세트 쿠폰
(타자)명예의전당:햄버거 세트 쿠폰",ARENA 팀,52,"(운영위원장님)김종인b:1,2,3등시상
(운영부위원장님서린b:명예의전당 시상
김서연:시상 사회
고은솔:시상품 전달
주은수:시상 대상 찾기
한시인:시상 대상 찾기
권하람:자리정렬
최현수:자리정렬",,,,,,,,,,,
,5,12:00,13:00,"대강당, 태권도장,
배드민턴장, 인조잔디",뒷정리,"각 프로그램 담당 도우미들은 
자신이 담당한 활동 뒷정리돕기","우선순위
대강당>태권도장>
배드민턴장>인조잔디","기획팀 및
운영위원",60,"오티:대강당
입소:대강당
금세미나:태권도장
찾아보쇼:태권도장
무도회:배드민턴장
동아리:인조잔디
부스활동:인조잔디
ARENA:인조잔디
+도우미",,,,,,,,,,,
,추가 내용,,,,,,,,,,,,,,,,,,,,
,"*도우미 역할칸 빨강색 글씨->책임지고 챙겨야할 준비물, 검정색 글씨->장소에서 해야할 일 *혼자 들지 못하는 물건은 주변 사람 도움 요청

*모든 구역은 마스킹 테이프 챙기고, 각 활동 영역과 출발선 표시하기
*야외 활동 도우미는 9:00~11:30의 절반인 75분동안 도우미로 활동을 진행하고 교대 ex)미션 달리기 75분 9명+75분 9명=18명
(야외 2부 도우미들은 정확한 시간에 각 장소로)
*필요 도우미 total:70
*ARENA 혹은 시설팀은 물이 필요한 팀(대야물풍선, 물총축구) 급수상황 보고 물 충전 여부 확인하기
*ARENA팀은 랜덤간식을 각 미니부스에 책임지고 전달(박스 활용)
*간식리스트:밀크츄70, 미니꿀약과116, 젤리팩토리100, 젤리스트로우180, 미니베어젤리98, 미니멘토스100, 버터쿠키219, 
미니이클립스캔디100, 밀크맛웨이퍼90, 초콜릿맛웨이퍼60, 포테이토크리스프100",,,,,,,,,,,,,,,,,,,,
